#{"t_start": 1606165443.172904, "env_id": "MountainCar-v0"}
r,l,t
-200.0,200,57.571351
-200.0,200,57.594514
-200.0,200,57.614858
-200.0,200,57.635541
-200.0,200,57.659402
-200.0,200,57.742209
-200.0,200,57.764045
-200.0,200,57.784385
-200.0,200,57.803848
-200.0,200,57.826531
-200.0,200,57.849095
-200.0,200,57.868095
-200.0,200,57.888882
-200.0,200,57.907761
-200.0,200,57.927473
-200.0,200,57.9517
-200.0,200,57.971043
-200.0,200,57.989721
-200.0,200,58.010163
-200.0,200,58.030072
-200.0,200,58.052788
-200.0,200,58.07143
-200.0,200,58.090493
-200.0,200,58.109557
-200.0,200,58.128049
-200.0,200,58.151615
-200.0,200,58.171124
-200.0,200,58.190063
-200.0,200,58.210163
-200.0,200,58.231487
-200.0,200,58.254332
-200.0,200,58.277374
-200.0,200,58.297472
-200.0,200,58.316686
-200.0,200,58.335658
-200.0,200,58.357707
-200.0,200,58.376885
-200.0,200,58.395833
-200.0,200,58.415321
-200.0,200,58.436319
-200.0,200,58.459083
-200.0,200,58.480011
-200.0,200,58.498836
-200.0,200,58.518563
-200.0,200,58.54004
-200.0,200,58.613525
-200.0,200,58.63509
-200.0,200,58.655025
-200.0,200,58.675523
-200.0,200,58.694459
-200.0,200,58.841613
-200.0,200,58.864587
-200.0,200,58.886755
-200.0,200,58.909846
-200.0,200,58.93203
-200.0,200,59.709224
-200.0,200,59.732501
-200.0,200,59.756906
-200.0,200,59.781012
-200.0,200,59.805368
-200.0,200,60.548288
-200.0,200,60.571641
-200.0,200,60.596378
-200.0,200,60.620495
-200.0,200,60.645282
-200.0,200,61.400824
-200.0,200,61.425049
-200.0,200,61.44927
-200.0,200,61.473345
-200.0,200,61.49798
-200.0,200,62.25947
-200.0,200,62.284561
-200.0,200,62.308213
-200.0,200,62.331399
-200.0,200,62.357139
-200.0,200,63.114488
-200.0,200,63.138409
-200.0,200,63.162596
-200.0,200,63.186586
-200.0,200,63.212161
-200.0,200,63.966722
-200.0,200,63.99179
-200.0,200,64.017186
-200.0,200,64.042259
-200.0,200,64.068385
-200.0,200,64.814109
-200.0,200,64.838809
-200.0,200,64.86833
-200.0,200,64.896193
-200.0,200,64.920657
-200.0,200,65.679273
-200.0,200,65.703777
-200.0,200,65.729935
-200.0,200,65.754514
-200.0,200,65.779331
-200.0,200,66.544412
-200.0,200,66.571135
-200.0,200,66.597334
-200.0,200,66.622987
-200.0,200,66.650015
-200.0,200,67.434271
-200.0,200,67.461727
-200.0,200,67.487805
-200.0,200,67.520091
-200.0,200,67.548599
-200.0,200,68.316652
-200.0,200,68.341943
-200.0,200,68.36895
-200.0,200,68.394963
-200.0,200,68.42094
-200.0,200,69.214883
-200.0,200,69.240951
-200.0,200,69.281501
-200.0,200,69.333348
-200.0,200,69.362819
-200.0,200,70.158546
-200.0,200,70.186601
-200.0,200,70.213835
-200.0,200,70.239907
-200.0,200,70.266268
-200.0,200,71.07199
-200.0,200,71.100475
-200.0,200,71.128195
-200.0,200,71.160668
-200.0,200,71.189364
-200.0,200,71.977797
-200.0,200,72.017558
-200.0,200,72.04592
-200.0,200,72.077045
-200.0,200,72.106313
-200.0,200,72.87836
-200.0,200,72.904557
-200.0,200,72.934503
-200.0,200,72.963113
-200.0,200,72.989892
-200.0,200,73.754044
-200.0,200,73.782806
-200.0,200,73.81277
-200.0,200,73.84151
-200.0,200,73.871871
-200.0,200,74.678578
-200.0,200,74.706902
-200.0,200,74.735114
-200.0,200,74.764605
-200.0,200,74.791589
-200.0,200,75.565944
-200.0,200,75.593387
-200.0,200,75.621213
-200.0,200,75.650617
-200.0,200,75.681078
-200.0,200,76.486718
-200.0,200,76.517423
-200.0,200,76.545201
-200.0,200,76.574831
-200.0,200,76.602582
-200.0,200,77.402964
-200.0,200,77.434024
-200.0,200,77.463095
-200.0,200,77.492023
-200.0,200,77.523843
-200.0,200,78.306802
-200.0,200,78.335317
-200.0,200,78.365101
-200.0,200,78.395528
-200.0,200,78.422716
-200.0,200,79.211492
-200.0,200,79.239548
-200.0,200,79.269427
-200.0,200,79.298819
-200.0,200,79.326178
-200.0,200,80.101827
-200.0,200,80.132644
-200.0,200,80.162196
-200.0,200,80.191157
-200.0,200,80.222887
-200.0,200,81.001028
-200.0,200,81.03356
-200.0,200,81.06512
-200.0,200,81.093259
-200.0,200,81.123217
-200.0,200,81.910962
-200.0,200,81.940825
-200.0,200,81.969109
-200.0,200,81.998615
-200.0,200,82.02926
-200.0,200,82.815588
-200.0,200,82.846924
-200.0,200,82.879066
-200.0,200,82.911986
-200.0,200,82.942444
-200.0,200,83.713369
-200.0,200,83.744054
-200.0,200,83.774832
-200.0,200,83.808008
-200.0,200,83.841131
-200.0,200,84.624167
-200.0,200,84.654429
-200.0,200,84.684488
-200.0,200,84.715167
-200.0,200,84.746749
-200.0,200,85.528007
-200.0,200,85.562204
-200.0,200,85.590035
-200.0,200,85.621434
-200.0,200,85.652605
-200.0,200,86.421804
-200.0,200,86.45191
-200.0,200,86.482631
-200.0,200,86.512555
-200.0,200,86.545927
-200.0,200,87.339582
-200.0,200,87.374607
-200.0,200,87.409173
-200.0,200,87.445855
-200.0,200,87.476882
-200.0,200,88.261865
-200.0,200,88.298604
-200.0,200,88.329439
-200.0,200,88.361137
-200.0,200,88.39206
-200.0,200,89.167553
-200.0,200,89.198356
-200.0,200,89.229581
-200.0,200,89.260937
-200.0,200,89.294449
-200.0,200,90.083982
-200.0,200,90.117189
-200.0,200,90.148484
-200.0,200,90.180196
-200.0,200,90.212682
-200.0,200,90.996609
-200.0,200,91.02783
-200.0,200,91.061791
-200.0,200,91.092911
-200.0,200,91.125876
-200.0,200,91.907979
-200.0,200,91.940683
-200.0,200,91.973452
-200.0,200,92.007275
-200.0,200,92.039458
-200.0,200,92.808247
-200.0,200,92.84415
-200.0,200,92.883078
-200.0,200,92.917044
-200.0,200,92.948269
-200.0,200,93.726048
-200.0,200,93.75813
-200.0,200,93.791828
-200.0,200,93.825544
-200.0,200,93.863959
-200.0,200,94.647255
-200.0,200,94.680836
-200.0,200,94.715004
-200.0,200,94.746232
-200.0,200,94.779885
-200.0,200,95.568284
-200.0,200,95.599816
-200.0,200,95.633133
-200.0,200,95.668562
-200.0,200,95.701307
-200.0,200,96.493156
-200.0,200,96.528002
-200.0,200,96.559554
-200.0,200,96.594563
-200.0,200,96.627264
-200.0,200,97.421976
-200.0,200,97.456696
-200.0,200,97.490529
-200.0,200,97.52751
-200.0,200,97.566203
-200.0,200,98.351252
-200.0,200,98.387741
-200.0,200,98.420458
-200.0,200,98.455638
-200.0,200,98.490885
-200.0,200,99.287983
-200.0,200,99.320353
-200.0,200,99.353921
-200.0,200,99.388431
-200.0,200,99.421953
-200.0,200,100.214409
-200.0,200,100.249386
-200.0,200,100.28638
-200.0,200,100.320862
-200.0,200,100.355414
-200.0,200,101.331032
-200.0,200,101.369372
-200.0,200,101.408115
-200.0,200,101.445434
-200.0,200,101.481595
-200.0,200,102.39676
-200.0,200,102.433474
-200.0,200,102.472477
-200.0,200,102.511731
-200.0,200,102.552644
-200.0,200,103.550226
-200.0,200,103.599803
-200.0,200,103.650611
-200.0,200,103.701087
-200.0,200,103.746352
-200.0,200,104.792321
-200.0,200,104.839434
-200.0,200,104.878347
-200.0,200,104.919109
-200.0,200,104.958136
-200.0,200,105.785034
-200.0,200,105.822068
-200.0,200,105.855042
-200.0,200,105.888332
-200.0,200,105.923382
-200.0,200,106.755021
-200.0,200,106.802998
-200.0,200,106.849123
-200.0,200,106.904496
-200.0,200,106.948991
-200.0,200,107.904587
-200.0,200,107.940406
-200.0,200,107.976573
-200.0,200,108.01108
-200.0,200,108.051798
-200.0,200,108.833685
-200.0,200,108.869471
-200.0,200,108.907487
-200.0,200,108.943573
-200.0,200,108.979403
-200.0,200,109.760864
-200.0,200,109.806675
-200.0,200,109.852073
-200.0,200,109.886961
-200.0,200,109.922531
-200.0,200,110.703578
-200.0,200,110.740238
-200.0,200,110.785446
-200.0,200,110.826788
-200.0,200,110.863781
-200.0,200,111.621518
-200.0,200,111.657003
-200.0,200,111.691897
-200.0,200,111.727256
-200.0,200,111.763882
-200.0,200,112.565937
-200.0,200,112.601829
-200.0,200,112.637989
-200.0,200,112.673844
-200.0,200,112.709704
-200.0,200,113.491485
-200.0,200,113.529595
-200.0,200,113.566044
-200.0,200,113.603004
-200.0,200,113.639616
-200.0,200,114.406088
-200.0,200,114.442076
-200.0,200,114.479167
-200.0,200,114.516913
-200.0,200,114.5535
-200.0,200,115.304114
-200.0,200,115.341304
-200.0,200,115.377847
-200.0,200,115.413625
-200.0,200,115.449238
-200.0,200,116.19142
-200.0,200,116.22835
-200.0,200,116.264734
-200.0,200,116.301722
-200.0,200,116.337919
-200.0,200,117.080896
-200.0,200,117.116693
-200.0,200,117.154328
-200.0,200,117.197325
-200.0,200,117.238205
-200.0,200,118.025231
-200.0,200,118.064278
-200.0,200,118.100067
-200.0,200,118.136124
-200.0,200,118.17168
-200.0,200,118.937181
-200.0,200,118.973243
-200.0,200,119.010081
-200.0,200,119.047851
-200.0,200,119.086744
-200.0,200,119.840569
-200.0,200,119.878725
-200.0,200,119.913982
-200.0,200,119.950608
-200.0,200,119.986982
-200.0,200,120.738994
-200.0,200,120.77568
-200.0,200,120.813607
-200.0,200,120.854657
-200.0,200,120.890553
-200.0,200,121.677234
-200.0,200,121.714602
-200.0,200,121.753225
-200.0,200,121.791926
-200.0,200,121.829092
-200.0,200,122.577179
-200.0,200,122.612618
-200.0,200,122.648778
-200.0,200,122.685564
-200.0,200,122.723136
-200.0,200,123.475384
-200.0,200,123.514587
-200.0,200,123.56006
-200.0,200,123.597784
-200.0,200,123.634955
-200.0,200,124.376055
-200.0,200,124.414749
-200.0,200,124.457513
-200.0,200,124.494782
-200.0,200,124.532337
-200.0,200,125.331763
-200.0,200,125.378549
-200.0,200,125.426001
-200.0,200,125.472893
-200.0,200,125.521005
-200.0,200,126.446805
-200.0,200,126.493453
-200.0,200,126.540811
-200.0,200,126.587087
-200.0,200,126.633393
-200.0,200,127.56686
-200.0,200,127.611908
-200.0,200,127.654968
-200.0,200,127.699793
-200.0,200,127.74591
-200.0,200,128.644358
-200.0,200,128.692713
-200.0,200,128.739876
-200.0,200,128.794802
-200.0,200,128.844384
-200.0,200,129.735153
-200.0,200,129.774466
-200.0,200,129.813924
-200.0,200,129.852911
-200.0,200,129.90033
-200.0,200,130.718069
-200.0,200,130.758028
-200.0,200,130.800007
-200.0,200,130.844855
-200.0,200,130.885265
-200.0,200,131.639996
-200.0,200,131.682351
-200.0,200,131.721614
-200.0,200,131.762041
-200.0,200,131.801801
-200.0,200,132.545141
-200.0,200,132.58579
-200.0,200,132.634353
-200.0,200,132.674098
-200.0,200,132.714975
-200.0,200,133.470217
-200.0,200,133.510675
-200.0,200,133.549848
-200.0,200,133.59256
-200.0,200,133.649002
-200.0,200,134.404832
-200.0,200,134.445951
-200.0,200,134.485202
-200.0,200,134.525142
-200.0,200,134.565198
-200.0,200,135.360419
-200.0,200,135.409211
-200.0,200,135.458376
-200.0,200,135.507027
-200.0,200,135.556156
-200.0,200,136.479913
-200.0,200,136.521449
-200.0,200,136.562685
-200.0,200,136.602584
-200.0,200,136.64391
-200.0,200,137.408391
-200.0,200,137.448172
-200.0,200,137.489541
-200.0,200,137.53087
-200.0,200,137.570878
-200.0,200,138.351649
-200.0,200,138.391304
-200.0,200,138.432599
-200.0,200,138.475116
-200.0,200,138.515727
-200.0,200,139.520644
-200.0,200,139.559587
-200.0,200,139.597618
-200.0,200,139.637449
-200.0,200,139.682289
-200.0,200,140.59244
-200.0,200,140.642002
-200.0,200,140.692766
-200.0,200,140.742622
-200.0,200,140.792497
-200.0,200,141.686301
-200.0,200,141.729639
-200.0,200,141.776465
-200.0,200,141.819271
-200.0,200,141.862281
-200.0,200,142.805611
-200.0,200,142.857795
-200.0,200,142.919623
-200.0,200,142.974913
-200.0,200,143.027864
-200.0,200,143.899353
-200.0,200,143.949024
-200.0,200,143.998223
-200.0,200,144.048133
-200.0,200,144.096302
-200.0,200,144.911785
-200.0,200,144.953033
-200.0,200,144.995305
-200.0,200,145.037274
-200.0,200,145.082092
-200.0,200,145.863616
-200.0,200,145.919862
-200.0,200,145.977135
-200.0,200,146.038037
-200.0,200,146.095915
-200.0,200,146.908767
-200.0,200,146.95189
-200.0,200,146.996743
-200.0,200,147.065683
-200.0,200,147.108658
-200.0,200,147.934762
-200.0,200,147.994235
-200.0,200,148.03454
-200.0,200,148.077511
-200.0,200,148.119432
-200.0,200,148.906328
-200.0,200,148.949061
-200.0,200,148.992391
-200.0,200,149.033927
-200.0,200,149.078615
-200.0,200,149.884448
-200.0,200,149.92821
-200.0,200,149.970115
-200.0,200,150.010985
-200.0,200,150.054536
-200.0,200,150.862113
-200.0,200,150.914575
-200.0,200,150.965264
-200.0,200,151.015271
-200.0,200,151.062322
-200.0,200,151.887475
-200.0,200,151.937219
-200.0,200,151.985547
-200.0,200,152.034965
-200.0,200,152.108144
-200.0,200,153.088037
-200.0,200,153.133183
-200.0,200,153.181221
-200.0,200,153.225742
-200.0,200,153.270604
-200.0,200,154.056917
-200.0,200,154.104134
-200.0,200,154.149852
-200.0,200,154.194553
-200.0,200,154.239107
-200.0,200,155.119639
-200.0,200,155.169218
-200.0,200,155.212682
-200.0,200,155.258061
-200.0,200,155.304697
-200.0,200,156.100133
-200.0,200,156.140458
-200.0,200,156.181745
-200.0,200,156.223463
-200.0,200,156.264371
-200.0,200,157.049102
-200.0,200,157.099079
-200.0,200,157.14765
-200.0,200,157.193371
-200.0,200,157.23786
-200.0,200,158.123625
-200.0,200,158.17306
-200.0,200,158.222394
-200.0,200,158.272079
-200.0,200,158.316996
-200.0,200,159.085519
-200.0,200,159.127533
-200.0,200,159.16738
-200.0,200,159.206827
-200.0,200,159.246978
-200.0,200,160.021328
-200.0,200,160.06404
-200.0,200,160.104803
-200.0,200,160.145347
-200.0,200,160.185496
-200.0,200,160.962088
-200.0,200,161.002351
-200.0,200,161.043101
-200.0,200,161.08642
-200.0,200,161.131284
-200.0,200,161.89649
-200.0,200,161.937129
-200.0,200,161.977703
-200.0,200,162.017952
-200.0,200,162.058476
-200.0,200,162.808384
-200.0,200,162.853978
-200.0,200,162.897712
-200.0,200,162.938374
-200.0,200,162.979582
-200.0,200,163.920145
-200.0,200,163.974312
-200.0,200,164.02395
-200.0,200,164.070187
-200.0,200,164.11561
-200.0,200,164.86202
-200.0,200,164.9009
-200.0,200,164.939785
-200.0,200,164.98048
-200.0,200,165.020198
-200.0,200,165.774979
-200.0,200,165.818878
-200.0,200,165.867345
-200.0,200,165.913593
-200.0,200,165.956959
-200.0,200,166.756486
-200.0,200,166.802115
-200.0,200,166.843654
-200.0,200,166.886302
-200.0,200,166.927185
-200.0,200,167.833797
-200.0,200,167.896186
-200.0,200,167.947499
-200.0,200,167.992751
-200.0,200,168.034361
-200.0,200,168.868761
-200.0,200,168.909713
-200.0,200,168.949836
-200.0,200,168.990784
-200.0,200,169.033089
-200.0,200,169.880676
-200.0,200,169.921444
-200.0,200,169.961483
-200.0,200,170.002422
-200.0,200,170.043202
-200.0,200,170.843872
-200.0,200,170.89158
-200.0,200,170.93346
-200.0,200,170.975576
-200.0,200,171.016922
-200.0,200,172.011437
-200.0,200,172.065122
-200.0,200,172.113689
-200.0,200,172.164866
-200.0,200,172.217476
-200.0,200,173.039874
-200.0,200,173.083614
-200.0,200,173.127144
-200.0,200,173.172033
-200.0,200,173.21456
-200.0,200,174.083586
-200.0,200,174.146279
-200.0,200,174.200808
-200.0,200,174.25363
-200.0,200,174.304464
-200.0,200,175.219566
-200.0,200,175.27065
-200.0,200,175.321803
-200.0,200,175.368839
-200.0,200,175.418297
-200.0,200,176.334037
-200.0,200,176.382634
-200.0,200,176.432209
-200.0,200,176.483223
-200.0,200,176.533226
-200.0,200,177.496535
-200.0,200,177.546125
-200.0,200,177.595772
-200.0,200,177.644966
-200.0,200,177.692358
-200.0,200,178.615354
-200.0,200,178.662415
-200.0,200,178.712473
-200.0,200,178.760452
-200.0,200,178.809169
-200.0,200,179.746542
-200.0,200,179.795779
-200.0,200,179.844624
-200.0,200,179.896039
-200.0,200,179.946052
-200.0,200,180.861554
-200.0,200,180.916583
-200.0,200,180.964625
-200.0,200,181.013676
-200.0,200,181.064137
-200.0,200,181.964995
-200.0,200,182.015652
-200.0,200,182.063264
-200.0,200,182.110486
-200.0,200,182.159182
-200.0,200,183.086644
-200.0,200,183.133816
-200.0,200,183.185253
-200.0,200,183.233758
-200.0,200,183.278514
-200.0,200,184.253692
-200.0,200,184.301556
-200.0,200,184.351174
-200.0,200,184.397892
-200.0,200,184.446205
-200.0,200,185.46983
-200.0,200,185.515188
-200.0,200,185.559138
-200.0,200,185.618115
-200.0,200,185.679326
-200.0,200,186.59104
-200.0,200,186.640958
-200.0,200,186.688695
-200.0,200,186.737577
-200.0,200,186.785625
-200.0,200,187.709105
-200.0,200,187.759123
-200.0,200,187.808917
-200.0,200,187.85608
-200.0,200,187.903606
-200.0,200,188.810282
-200.0,200,188.858829
-200.0,200,188.906686
-200.0,200,188.952887
-200.0,200,189.001209
-200.0,200,189.863207
-200.0,200,189.915182
-200.0,200,189.964443
-200.0,200,190.008755
-200.0,200,190.053711
-200.0,200,190.881908
-200.0,200,190.935314
-200.0,200,190.978711
-200.0,200,191.022983
-200.0,200,191.070287
-200.0,200,191.908528
-200.0,200,191.958397
-200.0,200,192.007959
-200.0,200,192.057394
-200.0,200,192.106548
-200.0,200,192.91098
-200.0,200,192.951873
-200.0,200,192.994414
-200.0,200,193.038826
-200.0,200,193.083837
-200.0,200,193.889467
-200.0,200,193.935518
-200.0,200,193.978071
-200.0,200,194.019747
-200.0,200,194.062993
-200.0,200,194.916468
-200.0,200,194.969524
-200.0,200,195.023887
-200.0,200,195.078485
-200.0,200,195.130572
-200.0,200,196.036485
-200.0,200,196.083175
-200.0,200,196.131032
-200.0,200,196.176905
-200.0,200,196.229671
-200.0,200,197.032928
-200.0,200,197.078581
-200.0,200,197.120764
-200.0,200,197.164952
-200.0,200,197.213914
-200.0,200,198.017576
-200.0,200,198.059758
-200.0,200,198.102373
-200.0,200,198.144832
-200.0,200,198.186045
-200.0,200,198.99661
-200.0,200,199.043938
-200.0,200,199.086623
-200.0,200,199.131269
-200.0,200,199.172312
-200.0,200,199.978541
-200.0,200,200.019649
-200.0,200,200.063815
-200.0,200,200.106132
-200.0,200,200.1466
-200.0,200,200.947864
-200.0,200,200.990561
-200.0,200,201.03672
-200.0,200,201.079626
-200.0,200,201.125068
-200.0,200,201.933823
-200.0,200,201.977089
-200.0,200,202.018813
-200.0,200,202.063696
-200.0,200,202.108382
-200.0,200,202.91082
-200.0,200,202.953007
-200.0,200,202.995215
-200.0,200,203.038229
-200.0,200,203.080533
-200.0,200,203.896946
-200.0,200,203.942569
-200.0,200,203.984415
-200.0,200,204.027352
-200.0,200,204.07148
-200.0,200,204.868709
-200.0,200,204.910909
-200.0,200,204.952523
-200.0,200,204.999454
-200.0,200,205.041815
-200.0,200,205.830473
-200.0,200,205.880221
-200.0,200,205.929913
-200.0,200,205.975092
-200.0,200,206.018131
-200.0,200,206.806657
-200.0,200,206.85069
-200.0,200,206.896207
-190.0,190,206.942241
-200.0,200,206.985758
-200.0,200,207.795651
-200.0,200,207.840844
-200.0,200,207.883821
-200.0,200,207.926816
-200.0,200,207.969576
-200.0,200,208.774479
-200.0,200,208.816697
-200.0,200,208.863048
-200.0,200,208.905124
-200.0,200,208.946665
-200.0,200,209.742958
-200.0,200,209.786636
-200.0,200,209.832551
-200.0,200,209.874614
-200.0,200,209.921279
-200.0,200,210.710373
-200.0,200,210.752423
-200.0,200,210.795178
-200.0,200,210.83664
-200.0,200,210.878538
-200.0,200,211.673624
-200.0,200,211.717456
-200.0,200,211.760369
-200.0,200,211.801809
-200.0,200,211.84726
-200.0,200,212.64702
-200.0,200,212.689268
-200.0,200,212.731631
-200.0,200,212.775285
-200.0,200,212.817361
-200.0,200,213.615519
-200.0,200,213.658668
-200.0,200,213.702346
-200.0,200,213.746604
-200.0,200,213.789106
-200.0,200,214.603606
-200.0,200,214.64716
-200.0,200,214.690601
-200.0,200,214.733288
-200.0,200,214.777033
-200.0,200,215.584118
-200.0,200,215.625283
-200.0,200,215.671262
-200.0,200,215.715191
-200.0,200,215.759986
-200.0,200,216.670408
-200.0,200,216.718139
-200.0,200,216.7613
-200.0,200,216.803708
-200.0,200,216.848822
-200.0,200,217.669024
-200.0,200,217.711432
-200.0,200,217.754235
-200.0,200,217.799844
-200.0,200,217.842556
-200.0,200,218.633373
-200.0,200,218.67714
-200.0,200,218.721519
-200.0,200,218.768917
-200.0,200,218.819263
-200.0,200,219.623417
-200.0,200,219.664941
-200.0,200,219.708119
-200.0,200,219.75114
-200.0,200,219.796157
-200.0,200,220.616351
-200.0,200,220.664249
-200.0,200,220.707131
-200.0,200,220.750281
-157.0,157,220.784049
-200.0,200,221.584728
-200.0,200,221.628983
-200.0,200,221.673875
-200.0,200,221.717097
-200.0,200,221.760274
-200.0,200,222.544492
-200.0,200,222.585358
-200.0,200,222.627875
-200.0,200,222.670363
-200.0,200,222.71653
-200.0,200,223.552986
-200.0,200,223.598324
-200.0,200,223.641176
-200.0,200,223.684698
-200.0,200,223.73154
-200.0,200,224.58681
-200.0,200,224.630429
-200.0,200,224.672951
-200.0,200,224.718755
-200.0,200,224.777096
-200.0,200,225.608623
-200.0,200,225.657067
-200.0,200,225.702145
-200.0,200,225.745321
-200.0,200,225.789571
-200.0,200,226.598969
-200.0,200,226.641936
-200.0,200,226.683886
-200.0,200,226.726557
-200.0,200,226.769954
-200.0,200,227.592992
-200.0,200,227.636326
-200.0,200,227.680022
-200.0,200,227.723988
-200.0,200,227.766633
-200.0,200,228.567018
-200.0,200,228.610495
-200.0,200,228.652113
-196.0,196,228.694392
-200.0,200,228.73796
-200.0,200,229.541294
-200.0,200,229.585518
-200.0,200,229.62765
-200.0,200,229.669447
-200.0,200,229.712882
-200.0,200,230.504368
-200.0,200,230.545889
-200.0,200,230.587523
-200.0,200,230.633285
-200.0,200,230.674667
-200.0,200,231.478364
-200.0,200,231.521243
-200.0,200,231.56425
-200.0,200,231.605982
-200.0,200,231.648106
-200.0,200,232.440104
-200.0,200,232.48156
-200.0,200,232.528274
-200.0,200,232.569441
-200.0,200,232.613301
-200.0,200,233.418903
-194.0,194,233.461243
-200.0,200,233.503292
-200.0,200,233.568813
-196.0,196,233.611273
-200.0,200,234.425874
-200.0,200,234.46877
-200.0,200,234.509533
-200.0,200,234.551651
-200.0,200,234.597322
-200.0,200,235.393529
-200.0,200,235.434371
-200.0,200,235.477724
-200.0,200,235.521068
-200.0,200,235.563056
-200.0,200,236.37009
-200.0,200,236.412737
-200.0,200,236.4538
-200.0,200,236.496873
-200.0,200,236.540179
-200.0,200,237.360229
-200.0,200,237.404691
-200.0,200,237.445981
-200.0,200,237.490382
-200.0,200,237.537437
-200.0,200,238.347353
-200.0,200,238.39076
-200.0,200,238.435136
-200.0,200,238.478341
-200.0,200,238.520272
-200.0,200,239.328863
-200.0,200,239.374326
-200.0,200,239.419944
-200.0,200,239.46233
-200.0,200,239.504561
-200.0,200,240.334274
-122.0,122,240.360346
-154.0,154,240.392783
-118.0,118,240.420677
-200.0,200,240.463343
-161.0,161,240.49858
-184.0,184,241.381764
-200.0,200,241.429835
-200.0,200,241.474482
-200.0,200,241.520321
-200.0,200,241.564052
-142.0,142,242.359945
-200.0,200,242.4018
-189.0,189,242.444602
-183.0,183,242.484606
-200.0,200,242.52753
-193.0,193,242.569039
-200.0,200,243.366377
-200.0,200,243.409944
-200.0,200,243.452891
-200.0,200,243.495392
-197.0,197,243.537405
-200.0,200,244.358814
-200.0,200,244.40223
-200.0,200,244.447019
-200.0,200,244.491329
-200.0,200,244.537784
-200.0,200,245.431531
-200.0,200,245.475286
-200.0,200,245.517987
-200.0,200,245.560714
-200.0,200,245.602739
-200.0,200,246.433611
-184.0,184,246.473901
-200.0,200,246.518923
-181.0,181,246.559047
-182.0,182,246.59959
-200.0,200,247.437824
-200.0,200,247.483038
-200.0,200,247.529171
-200.0,200,247.574168
-200.0,200,247.617709
-200.0,200,248.461348
-132.0,132,248.492175
-143.0,143,248.521989
-135.0,135,248.550988
-188.0,188,248.592406
-129.0,129,248.619435
-200.0,200,249.441893
-200.0,200,249.484037
-200.0,200,249.526384
-200.0,200,249.569222
-200.0,200,249.616141
-200.0,200,250.43011
-200.0,200,250.471937
-200.0,200,250.517654
-200.0,200,250.572856
-200.0,200,250.62917
-200.0,200,251.458654
-200.0,200,251.502815
-200.0,200,251.546524
-200.0,200,251.589612
-200.0,200,251.634434
-200.0,200,252.473648
-200.0,200,252.51566
-200.0,200,252.560529
-200.0,200,252.604633
-200.0,200,252.647849
-200.0,200,253.451068
-165.0,165,253.487403
-170.0,170,253.525983
-166.0,166,253.5633
-169.0,169,253.60052
-200.0,200,253.642936
-200.0,200,254.437082
-200.0,200,254.480375
-191.0,191,254.522625
-200.0,200,254.563751
-188.0,188,254.605057
-200.0,200,255.419608
-200.0,200,255.462531
-200.0,200,255.503803
-200.0,200,255.547945
-200.0,200,255.59379
-200.0,200,256.394131
-200.0,200,256.4372
-200.0,200,256.479165
-200.0,200,256.519953
-200.0,200,256.563752
-200.0,200,257.376839
-200.0,200,257.419469
-200.0,200,257.462101
-200.0,200,257.504194
-200.0,200,257.553207
-200.0,200,258.34982
-200.0,200,258.393097
-200.0,200,258.434671
-200.0,200,258.47761
-200.0,200,258.519556
-200.0,200,259.350347
-200.0,200,259.393042
-200.0,200,259.435579
-200.0,200,259.479643
-200.0,200,259.52129
-200.0,200,260.325969
-200.0,200,260.368733
-200.0,200,260.410922
-200.0,200,260.452397
-200.0,200,260.495885
-200.0,200,261.292474
-200.0,200,261.338153
-200.0,200,261.380157
-200.0,200,261.420558
-200.0,200,261.465007
-200.0,200,262.260834
-200.0,200,262.30392
-200.0,200,262.345924
-200.0,200,262.388699
-200.0,200,262.447677
-200.0,200,263.254646
-200.0,200,263.300002
-200.0,200,263.341736
-200.0,200,263.383622
-200.0,200,263.426732
-200.0,200,264.227181
-200.0,200,264.268784
-200.0,200,264.31117
-184.0,184,264.349343
-200.0,200,264.394451
-159.0,159,265.186641
-200.0,200,265.228863
-200.0,200,265.271382
-200.0,200,265.312033
-200.0,200,265.35301
-200.0,200,266.196119
-115.0,115,266.228184
-200.0,200,266.275878
-200.0,200,266.318963
-200.0,200,266.361416
-200.0,200,266.402771
-200.0,200,267.215864
-200.0,200,267.259807
-200.0,200,267.302781
-200.0,200,267.343959
-200.0,200,267.385676
-200.0,200,268.187745
-200.0,200,268.232307
-200.0,200,268.273192
-200.0,200,268.314767
-200.0,200,268.358093
-152.0,152,269.147929
-144.0,144,269.178388
-137.0,137,269.209375
-200.0,200,269.254788
-146.0,146,269.287954
-200.0,200,269.330676
-155.0,155,270.128455
-200.0,200,270.171654
-200.0,200,270.21409
-186.0,186,270.252846
-200.0,200,270.294613
-200.0,200,271.150617
-200.0,200,271.195682
-200.0,200,271.238043
-200.0,200,271.282594
-200.0,200,271.32681
-171.0,171,272.165436
-200.0,200,272.210785
-200.0,200,272.258906
-200.0,200,272.301015
-200.0,200,272.345218
-200.0,200,273.172851
-182.0,182,273.215768
-169.0,169,273.252116
-200.0,200,273.304072
-173.0,173,273.345592
-200.0,200,273.389237
-177.0,177,274.281103
-200.0,200,274.324064
-200.0,200,274.365635
-200.0,200,274.4074
-200.0,200,274.450063
-173.0,173,275.415764
-160.0,160,275.449582
-200.0,200,275.491136
-200.0,200,275.539097
-158.0,158,275.576531
-162.0,162,276.376517
-200.0,200,276.419992
-200.0,200,276.462773
-200.0,200,276.506731
-200.0,200,276.549477
-200.0,200,277.36168
-200.0,200,277.401966
-200.0,200,277.445205
-200.0,200,277.486274
-200.0,200,277.52916
-200.0,200,278.343611
-200.0,200,278.387295
-200.0,200,278.428251
-200.0,200,278.469004
-200.0,200,278.511727
-200.0,200,279.321113
-200.0,200,279.362721
-181.0,181,279.40132
-200.0,200,279.443473
-179.0,179,279.481011
-181.0,181,279.519991
-169.0,169,280.322557
-200.0,200,280.36492
-129.0,129,280.392729
-200.0,200,280.434724
-200.0,200,280.477543
-133.0,133,280.504911
-129.0,129,281.336627
-200.0,200,281.382291
-200.0,200,281.425051
-200.0,200,281.465928
-183.0,183,281.503936
-200.0,200,282.336623
-200.0,200,282.379338
-200.0,200,282.42582
-119.0,119,282.450424
-200.0,200,282.493203
-200.0,200,283.291956
-177.0,177,283.332019
-200.0,200,283.37476
-174.0,174,283.410987
-177.0,177,283.448123
-171.0,171,283.484105
-200.0,200,284.28073
-200.0,200,284.323302
-200.0,200,284.366238
-200.0,200,284.413758
-200.0,200,284.455841
-200.0,200,285.265511
-200.0,200,285.309775
-200.0,200,285.352996
-200.0,200,285.396069
-200.0,200,285.438399
-200.0,200,286.254168
-200.0,200,286.29502
-200.0,200,286.338073
-200.0,200,286.381883
-200.0,200,286.424119
-200.0,200,287.224425
-177.0,177,287.262115
-183.0,183,287.301196
-177.0,177,287.338999
-185.0,185,287.379734
-177.0,177,288.172767
-200.0,200,288.214343
-200.0,200,288.257348
-200.0,200,288.29992
-200.0,200,288.34289
-200.0,200,289.142112
-200.0,200,289.184351
-200.0,200,289.228343
-200.0,200,289.276178
-200.0,200,289.317149
-200.0,200,290.120643
-170.0,170,290.15754
-173.0,173,290.194642
-200.0,200,290.236724
-171.0,171,290.270993
-174.0,174,290.308639
-200.0,200,291.118898
-200.0,200,291.16386
-200.0,200,291.205993
-200.0,200,291.24991
-200.0,200,291.294346
-200.0,200,292.115655
-200.0,200,292.163237
-200.0,200,292.21222
-200.0,200,292.25987
-200.0,200,292.308271
-200.0,200,293.282772
-200.0,200,293.328045
-200.0,200,293.374196
-200.0,200,293.427533
-200.0,200,293.47531
-200.0,200,294.330886
-188.0,188,294.370822
-200.0,200,294.412866
-200.0,200,294.455405
-200.0,200,294.50053
-200.0,200,295.29622
-200.0,200,295.340697
-200.0,200,295.381554
-200.0,200,295.423896
-200.0,200,295.465694
-200.0,200,296.277069
-177.0,177,296.313407
-200.0,200,296.358505
-173.0,173,296.396267
-166.0,166,296.431594
-200.0,200,296.473357
-200.0,200,297.291599
-200.0,200,297.336996
-200.0,200,297.379203
-200.0,200,297.42047
-200.0,200,297.46868
-200.0,200,298.263363
-200.0,200,298.306913
-200.0,200,298.348704
-200.0,200,298.390902
-200.0,200,298.434014
-200.0,200,299.225372
-200.0,200,299.273953
-200.0,200,299.317386
-200.0,200,299.361178
-200.0,200,299.404932
-191.0,191,300.233374
-200.0,200,300.276456
-168.0,168,300.311316
-174.0,174,300.347603
-166.0,166,300.382715
-169.0,169,301.197552
-172.0,172,301.234451
-200.0,200,301.277423
-147.0,147,301.308761
-200.0,200,301.351873
-200.0,200,301.395613
-200.0,200,302.264494
-200.0,200,302.320572
-200.0,200,302.373175
-200.0,200,302.42074
-200.0,200,302.462952
-123.0,123,303.281873
-200.0,200,303.324859
-200.0,200,303.367619
-200.0,200,303.411768
-200.0,200,303.454983
-182.0,182,304.260026
-200.0,200,304.303526
-200.0,200,304.347326
-200.0,200,304.389521
-200.0,200,304.436024
-200.0,200,305.319518
-200.0,200,305.364053
-200.0,200,305.405834
-200.0,200,305.447801
-200.0,200,305.490111
-200.0,200,306.304822
-200.0,200,306.346666
-200.0,200,306.390974
-200.0,200,306.435647
-200.0,200,306.478263
-200.0,200,307.285448
-174.0,174,307.32409
-200.0,200,307.368419
-160.0,160,307.401061
-200.0,200,307.444996
-200.0,200,308.251566
-175.0,175,308.295227
-200.0,200,308.337332
-200.0,200,308.37862
-174.0,174,308.415508
-171.0,171,308.453473
-167.0,167,309.274877
-129.0,129,309.302191
-200.0,200,309.343271
-138.0,138,309.372331
-200.0,200,309.414765
-175.0,175,309.452498
-163.0,163,310.263928
-194.0,194,310.305367
-200.0,200,310.347325
-200.0,200,310.389548
-200.0,200,310.432196
-200.0,200,311.27602
-152.0,152,311.309744
-150.0,150,311.340708
-154.0,154,311.373809
-155.0,155,311.405383
-150.0,150,311.4361
-160.0,160,312.372139
-200.0,200,312.414741
-200.0,200,312.458399
-200.0,200,312.5012
-200.0,200,312.544548
-200.0,200,313.333736
-200.0,200,313.378268
-200.0,200,313.419694
-200.0,200,313.463522
-200.0,200,313.508621
-200.0,200,314.311576
-200.0,200,314.353243
-200.0,200,314.396697
-200.0,200,314.438507
-200.0,200,314.482389
-200.0,200,315.285049
-155.0,155,315.319991
-158.0,158,315.352409
-162.0,162,315.387335
-102.0,102,315.410972
-161.0,161,315.44572
-155.0,155,315.47856
-110.0,110,316.278393
-200.0,200,316.322348
-152.0,152,316.353719
-150.0,150,316.38571
-162.0,162,316.420745
-200.0,200,316.463432
-200.0,200,317.307136
-200.0,200,317.348652
-200.0,200,317.39217
-200.0,200,317.435175
-200.0,200,317.478256
-200.0,200,318.277402
-200.0,200,318.323042
-200.0,200,318.36668
-200.0,200,318.409622
-200.0,200,318.450069
-200.0,200,319.241967
-200.0,200,319.283999
-200.0,200,319.327735
-200.0,200,319.370289
-200.0,200,319.413342
-199.0,199,320.212956
-164.0,164,320.248616
-163.0,163,320.283264
-156.0,156,320.31695
-161.0,161,320.351193
-200.0,200,320.393716
-158.0,158,321.194842
-189.0,189,321.236418
-146.0,146,321.267224
-162.0,162,321.301476
-181.0,181,321.341898
-200.0,200,321.383628
-163.0,163,322.18089
-200.0,200,322.221496
-200.0,200,322.265673
-200.0,200,322.308001
-200.0,200,322.349178
-200.0,200,323.148443
-200.0,200,323.191747
-163.0,163,323.227795
-156.0,156,323.262638
-156.0,156,323.296449
-200.0,200,324.091131
-200.0,200,324.132635
-200.0,200,324.173633
-190.0,190,324.215395
-161.0,161,324.249509
-165.0,165,324.283735
-151.0,151,325.080566
-141.0,141,325.11094
-143.0,143,325.141673
-137.0,137,325.171754
-143.0,143,325.201804
-140.0,140,325.231614
-143.0,143,325.261373
-146.0,146,326.060717
-200.0,200,326.103351
-185.0,185,326.143086
-200.0,200,326.184542
-200.0,200,326.226764
-200.0,200,327.03502
-190.0,190,327.07732
-160.0,160,327.112777
-165.0,165,327.147259
-155.0,155,327.179829
-200.0,200,327.239041
-200.0,200,328.035721
-200.0,200,328.077797
-200.0,200,328.121358
-200.0,200,328.164382
-200.0,200,328.20576
-200.0,200,329.000237
-200.0,200,329.049377
-156.0,156,329.083485
-154.0,154,329.116807
-156.0,156,329.149934
-162.0,162,329.182513
-155.0,155,329.967394
-200.0,200,330.008179
-154.0,154,330.041737
-200.0,200,330.082977
-149.0,149,330.114906
-200.0,200,330.91285
-185.0,185,330.95516
-180.0,180,330.996719
-135.0,135,331.02771
-200.0,200,331.074129
-200.0,200,331.117225
-192.0,192,331.927567
-200.0,200,331.975993
-200.0,200,332.021206
-200.0,200,332.065337
-200.0,200,332.108033
-200.0,200,332.920111
-200.0,200,332.966796
-167.0,167,333.002564
-200.0,200,333.045545
-200.0,200,333.087019
-175.0,175,333.883733
-138.0,138,333.917155
-163.0,163,333.952759
-200.0,200,333.997711
-160.0,160,334.034973
-200.0,200,334.077075
-163.0,163,334.970937
-200.0,200,335.014749
-200.0,200,335.058044
-185.0,185,335.098121
-200.0,200,335.140264
-182.0,182,335.942597
-200.0,200,335.985277
-116.0,116,336.010532
-128.0,128,336.039641
-193.0,193,336.08217
-118.0,118,336.108742
-184.0,184,336.14602
-200.0,200,336.943592
-178.0,178,336.981691
-179.0,179,337.020582
-180.0,180,337.057842
-183.0,183,337.095165
-186.0,186,337.892663
-200.0,200,337.935616
-200.0,200,337.979633
-200.0,200,338.021524
-200.0,200,338.063749
-200.0,200,338.882525
-200.0,200,338.931193
-98.0,98,338.953279
-178.0,178,338.991869
-123.0,123,339.017484
-152.0,152,339.049997
-200.0,200,339.84386
-200.0,200,339.886994
-200.0,200,339.935585
-200.0,200,339.979035
-200.0,200,340.022186
-200.0,200,340.865341
-200.0,200,340.908238
-154.0,154,340.94224
-149.0,149,340.975074
-124.0,124,341.001642
-111.0,111,341.025258
-136.0,136,341.054157
-200.0,200,341.877156
-200.0,200,341.923456
-143.0,143,341.953049
-200.0,200,341.995622
-143.0,143,342.02713
-200.0,200,342.069919
-200.0,200,342.866884
-200.0,200,342.908675
-200.0,200,342.951097
-200.0,200,342.993579
-200.0,200,343.035546
-180.0,180,343.824108
-152.0,152,343.856085
-172.0,172,343.896861
-150.0,150,343.932417
-200.0,200,343.974818
-192.0,192,344.754661
-200.0,200,344.80015
-200.0,200,344.846326
-200.0,200,344.892783
-200.0,200,344.936008
-200.0,200,345.725511
-114.0,114,345.750585
-137.0,137,345.781776
-124.0,124,345.80773
-124.0,124,345.833024
-143.0,143,345.867527
-116.0,116,345.915105
-133.0,133,345.944604
-111.0,111,346.720564
-141.0,141,346.751349
-150.0,150,346.784867
-143.0,143,346.814793
-142.0,142,346.846348
-144.0,144,346.879264
-142.0,142,346.910071
-101.0,101,347.697979
-120.0,120,347.72471
-188.0,188,347.763592
-200.0,200,347.808294
-188.0,188,347.850046
-121.0,121,347.875893
-114.0,114,347.899765
-139.0,139,348.756047
-145.0,145,348.787758
-171.0,171,348.824783
-173.0,173,348.861227
-170.0,170,348.898361
-147.0,147,348.93116
-144.0,144,349.726665
-147.0,147,349.764068
-111.0,111,349.790528
-108.0,108,349.814009
-138.0,138,349.844869
-136.0,136,349.875497
-138.0,138,349.905463
-161.0,161,349.938013
-139.0,139,350.717323
-137.0,137,350.747656
-142.0,142,350.778534
-137.0,137,350.811631
-134.0,134,350.845143
-137.0,137,350.875059
-136.0,136,350.906115
-145.0,145,351.726632
-185.0,185,351.769934
-123.0,123,351.812355
-121.0,121,351.842605
-200.0,200,351.893008
-200.0,200,351.935952
-134.0,134,352.717119
-116.0,116,352.742563
-168.0,168,352.77685
-111.0,111,352.799728
-184.0,184,352.840986
-183.0,183,352.88303
-197.0,197,352.925017
-200.0,200,353.717793
-200.0,200,353.763976
-200.0,200,353.807509
-200.0,200,353.855998
-200.0,200,353.903029
-200.0,200,354.718694
-200.0,200,354.76112
-200.0,200,354.803618
-200.0,200,354.851834
-166.0,166,354.891201
-200.0,200,355.681874
-200.0,200,355.723849
-146.0,146,355.75436
-87.0,87,355.774882
-147.0,147,355.807558
-146.0,146,355.839137
-200.0,200,356.638363
-200.0,200,356.681446
-200.0,200,356.725708
-200.0,200,356.769452
-200.0,200,356.811875
-200.0,200,357.630861
-200.0,200,357.672806
-200.0,200,357.713093
-200.0,200,357.755652
-200.0,200,357.800993
-200.0,200,358.594174
-158.0,158,358.627039
-200.0,200,358.669125
-200.0,200,358.710888
-200.0,200,358.752568
-200.0,200,359.546577
-200.0,200,359.592531
-188.0,188,359.632511
-114.0,114,359.656558
-182.0,182,359.696828
-195.0,195,359.738138
-168.0,168,360.534334
-143.0,143,360.564517
-143.0,143,360.594158
-146.0,146,360.626233
-143.0,143,360.660836
-148.0,148,360.691819
-152.0,152,360.723889
-149.0,149,361.519365
-137.0,137,361.548557
-142.0,142,361.578442
-139.0,139,361.608939
-141.0,141,361.638577
-162.0,162,361.672656
-140.0,140,361.703598
-178.0,178,362.497951
-181.0,181,362.536097
-200.0,200,362.578945
-195.0,195,362.618303
-200.0,200,362.660385
-144.0,144,363.449744
-142.0,142,363.480587
-139.0,139,363.509762
-133.0,133,363.53906
-150.0,150,363.571569
-157.0,157,363.608813
-140.0,140,363.637566
-110.0,110,364.425073
-134.0,134,364.453374
-140.0,140,364.482744
-141.0,141,364.512301
-140.0,140,364.542343
-140.0,140,364.57143
-143.0,143,364.60616
-107.0,107,364.64423
-129.0,129,365.505765
-140.0,140,365.534485
-140.0,140,365.563907
-139.0,139,365.593685
-139.0,139,365.622154
-139.0,139,365.650998
-140.0,140,365.680634
-145.0,145,366.509397
-139.0,139,366.538974
-200.0,200,366.58119
-134.0,134,366.610823
-138.0,138,366.640722
-168.0,168,366.675453
-139.0,139,367.468164
-139.0,139,367.49712
-141.0,141,367.528981
-140.0,140,367.561359
-141.0,141,367.591946
-193.0,193,367.63396
-137.0,137,367.667116
-135.0,135,368.469744
-139.0,139,368.498554
-155.0,155,368.534194
-137.0,137,368.567241
-174.0,174,368.60661
-119.0,119,368.631458
-138.0,138,368.661554
-148.0,148,369.4742
-138.0,138,369.503765
-139.0,139,369.534742
-137.0,137,369.562773
-139.0,139,369.59258
-178.0,178,369.630751
-137.0,137,369.659317
-136.0,136,370.441361
-142.0,142,370.473417
-147.0,147,370.509403
-145.0,145,370.548264
-140.0,140,370.590193
-117.0,117,370.62251
-146.0,146,370.658467
-97.0,97,370.679726
-119.0,119,371.464131
-137.0,137,371.493244
-140.0,140,371.522093
-200.0,200,371.568282
-140.0,140,371.596872
-146.0,146,371.630627
-108.0,108,371.653346
-176.0,176,372.438929
-142.0,142,372.4702
-110.0,110,372.496475
-148.0,148,372.527903
-136.0,136,372.556366
-114.0,114,372.580913
-111.0,111,372.603793
-139.0,139,373.381796
-111.0,111,373.404495
-137.0,137,373.433066
-109.0,109,373.455253
-142.0,142,373.486607
-138.0,138,373.516042
-111.0,111,373.538519
-136.0,136,373.570702
-114.0,114,374.346219
-139.0,139,374.376144
-144.0,144,374.405082
-139.0,139,374.433165
-139.0,139,374.4612
-139.0,139,374.491193
-140.0,140,374.521446
-142.0,142,375.306149
-119.0,119,375.332354
-200.0,200,375.375158
-198.0,198,375.415029
-118.0,118,375.43904
-115.0,115,375.464627
-133.0,133,375.494159
-149.0,149,376.288814
-137.0,137,376.31638
-134.0,134,376.343901
-139.0,139,376.372129
-138.0,138,376.402773
-140.0,140,376.433551
-135.0,135,376.46158
-139.0,139,377.254148
-200.0,200,377.299821
-200.0,200,377.341615
-200.0,200,377.38381
-155.0,155,377.416791
-200.0,200,377.458887
-192.0,192,378.260098
-191.0,191,378.303863
-200.0,200,378.34763
-200.0,200,378.389604
-200.0,200,378.434311
-112.0,112,379.213927
-138.0,138,379.244486
-111.0,111,379.268522
-110.0,110,379.292353
-116.0,116,379.316719
-134.0,134,379.345842
-139.0,139,379.375584
-138.0,138,379.40356
-181.0,181,380.194756
-148.0,148,380.227454
-200.0,200,380.269332
-200.0,200,380.312135
-200.0,200,380.355086
-200.0,200,381.149017
-200.0,200,381.191539
-200.0,200,381.233455
-158.0,158,381.26736
-200.0,200,381.31163
-200.0,200,382.10416
-138.0,138,382.134113
-141.0,141,382.16272
-139.0,139,382.191888
-145.0,145,382.221211
-139.0,139,382.253514
-129.0,129,382.279916
-138.0,138,383.066802
-200.0,200,383.109682
-200.0,200,383.152705
-200.0,200,383.195212
-200.0,200,383.236463
-200.0,200,384.089692
-169.0,169,384.128071
-111.0,111,384.151279
-157.0,157,384.185207
-143.0,143,384.215563
-136.0,136,384.24482
-167.0,167,384.279794
-162.0,162,385.082785
-200.0,200,385.125596
-143.0,143,385.154996
-200.0,200,385.202589
-200.0,200,385.244143
-114.0,114,385.267443
-128.0,128,386.047752
-178.0,178,386.086424
-140.0,140,386.11757
-141.0,141,386.147262
-138.0,138,386.176845
-131.0,131,386.203476
-137.0,137,386.23247
-140.0,140,387.017343
-170.0,170,387.054487
-141.0,141,387.084485
-200.0,200,387.129682
-200.0,200,387.177239
-200.0,200,387.220134
-200.0,200,388.028282
-200.0,200,388.076901
-200.0,200,388.122175
-200.0,200,388.164837
-200.0,200,388.206604
-122.0,122,388.990706
-135.0,135,389.021654
-132.0,132,389.052654
-188.0,188,389.091902
-128.0,128,389.118872
-139.0,139,389.149538
-150.0,150,389.181489
-140.0,140,389.965838
-200.0,200,390.008938
-200.0,200,390.050808
-200.0,200,390.095722
-200.0,200,390.138709
-200.0,200,390.933526
-143.0,143,390.964116
-136.0,136,390.993532
-139.0,139,391.021826
-142.0,142,391.05223
-140.0,140,391.08166
-144.0,144,391.111835
-142.0,142,391.903607
-200.0,200,391.947138
-200.0,200,391.991104
-200.0,200,392.033501
-200.0,200,392.075985
-200.0,200,392.88342
-143.0,143,392.917543
-141.0,141,392.946166
-139.0,139,392.978274
-139.0,139,393.008216
-136.0,136,393.040356
-154.0,154,393.07171
-138.0,138,393.858605
-132.0,132,393.892346
-139.0,139,393.925231
-128.0,128,393.953521
-129.0,129,393.982311
-140.0,140,394.013199
-134.0,134,394.042388
-144.0,144,394.915158
-200.0,200,394.958823
-200.0,200,395.00177
-200.0,200,395.043719
-200.0,200,395.085812
-200.0,200,395.882003
-142.0,142,395.916409
-172.0,172,395.952301
-179.0,179,395.990293
-176.0,176,396.027641
-168.0,168,396.063136
-185.0,185,396.847972
-131.0,131,396.879671
-137.0,137,396.909914
-138.0,138,396.938062
-119.0,119,396.964038
-140.0,140,396.994069
-137.0,137,397.022574
-137.0,137,397.053927
-163.0,163,397.866689
-137.0,137,397.896743
-139.0,139,397.925538
-137.0,137,397.95301
-200.0,200,397.995362
-136.0,136,398.024078
-147.0,147,398.81821
-200.0,200,398.863413
-200.0,200,398.909288
-136.0,136,398.937004
-200.0,200,398.979506
-172.0,172,399.015644
-200.0,200,399.806362
-200.0,200,399.847036
-200.0,200,399.889481
-142.0,142,399.925486
-200.0,200,399.972068
-140.0,140,400.784436
-136.0,136,400.813712
-138.0,138,400.84691
-142.0,142,400.87857
-137.0,137,400.907612
-131.0,131,400.935169
-138.0,138,400.964605
-132.0,132,400.992543
-200.0,200,401.791035
-200.0,200,401.835407
-200.0,200,401.882496
-200.0,200,401.927457
-200.0,200,401.970854
-151.0,151,402.756364
-140.0,140,402.784478
-140.0,140,402.814781
-148.0,148,402.851053
-137.0,137,402.898087
-143.0,143,402.93079
-136.0,136,402.960262
-194.0,194,403.802758
-143.0,143,403.835313
-200.0,200,403.883794
-138.0,138,403.914204
-200.0,200,403.956686
-200.0,200,404.754313
-114.0,114,404.783256
-200.0,200,404.830706
-200.0,200,404.877961
-168.0,168,404.915689
-166.0,166,404.958136
-136.0,136,405.816861
-200.0,200,405.860015
-200.0,200,405.902688
-200.0,200,405.945687
-200.0,200,405.989108
-200.0,200,406.78919
-133.0,133,406.820959
-138.0,138,406.853461
-139.0,139,406.888492
-140.0,140,406.922613
-136.0,136,406.958168
-135.0,135,406.988487
-140.0,140,407.786318
-200.0,200,407.827459
-200.0,200,407.869027
-200.0,200,407.913772
-200.0,200,407.956185
-200.0,200,408.766483
-139.0,139,408.797899
-151.0,151,408.829696
-143.0,143,408.860184
-194.0,194,408.9011
-153.0,153,408.934566
-138.0,138,408.965174
-189.0,189,409.767277
-137.0,137,409.798351
-172.0,172,409.836028
-139.0,139,409.870346
-129.0,129,409.901389
-161.0,161,409.953848
-141.0,141,409.991406
-139.0,139,410.790439
-156.0,156,410.825824
-140.0,140,410.856696
-133.0,133,410.884935
-143.0,143,410.918895
-134.0,134,410.948503
-136.0,136,410.979417
-200.0,200,411.815428
-200.0,200,411.864034
-200.0,200,411.908152
-200.0,200,411.951846
-200.0,200,411.997791
-200.0,200,412.78586
-200.0,200,412.828957
-200.0,200,412.875198
-200.0,200,412.917904
-200.0,200,412.964931
-200.0,200,413.756708
-200.0,200,413.798093
-200.0,200,413.84976
-200.0,200,413.897262
-200.0,200,413.941078
-200.0,200,414.754779
-200.0,200,414.797821
-200.0,200,414.83936
-200.0,200,414.885764
-200.0,200,414.934196
-170.0,170,415.714995
-152.0,152,415.746429
-142.0,142,415.778999
-200.0,200,415.826596
-142.0,142,415.869826
-196.0,196,415.919885
-137.0,137,416.699103
-138.0,138,416.729073
-165.0,165,416.765612
-141.0,141,416.801971
-136.0,136,416.837994
-167.0,167,416.896527
-191.0,191,417.725233
-200.0,200,417.767923
-200.0,200,417.81009
-200.0,200,417.855983
-200.0,200,417.898858
-200.0,200,418.695921
-170.0,170,418.730803
-135.0,135,418.779645
-142.0,142,418.811087
-145.0,145,418.840423
-137.0,137,418.869702
-110.0,110,418.894468
-139.0,139,419.674252
-143.0,143,419.704214
-146.0,146,419.736031
-140.0,140,419.768806
-144.0,144,419.801274
-143.0,143,419.830998
-141.0,141,419.862829
-140.0,140,420.64282
-142.0,142,420.674527
-143.0,143,420.70437
-143.0,143,420.734186
-135.0,135,420.764471
-134.0,134,420.792663
-146.0,146,420.847008
-138.0,138,421.646103
-136.0,136,421.674937
-137.0,137,421.704243
-169.0,169,421.7412
-166.0,166,421.776615
-143.0,143,421.806169
-161.0,161,421.840735
-160.0,160,422.644043
-138.0,138,422.67843
-144.0,144,422.713074
-137.0,137,422.744075
-143.0,143,422.774334
-141.0,141,422.806436
-140.0,140,422.840099
-200.0,200,423.655935
-200.0,200,423.698899
-144.0,144,423.729275
-200.0,200,423.769774
-137.0,137,423.803137
-200.0,200,424.599026
-141.0,141,424.630782
-140.0,140,424.660977
-136.0,136,424.689556
-140.0,140,424.719941
-143.0,143,424.750311
-139.0,139,424.783172
-139.0,139,424.814155
-175.0,175,425.641613
-144.0,144,425.696019
-103.0,103,425.729037
-147.0,147,425.772252
-142.0,142,425.812742
-139.0,139,425.851011
-151.0,151,425.910001
-137.0,137,426.806529
-135.0,135,426.835608
-159.0,159,426.872462
-162.0,162,426.908558
-141.0,141,426.939435
-131.0,131,426.968198
-157.0,157,427.751181
-144.0,144,427.782728
-200.0,200,427.828736
-200.0,200,427.870753
-200.0,200,427.914439
-139.0,139,427.946163
-200.0,200,428.747415
-139.0,139,428.782052
-138.0,138,428.815393
-141.0,141,428.847728
-150.0,150,428.879395
-140.0,140,428.910055
-200.0,200,428.954518
-200.0,200,429.745666
-200.0,200,429.78567
-200.0,200,429.828814
-200.0,200,429.871693
-200.0,200,429.921672
-156.0,156,430.751804
-137.0,137,430.781433
-142.0,142,430.81301
-139.0,139,430.844651
-138.0,138,430.876722
-142.0,142,430.907459
-146.0,146,430.93794
-136.0,136,431.725093
-139.0,139,431.753718
-138.0,138,431.783892
-140.0,140,431.813649
-200.0,200,431.855587
-187.0,187,431.902012
-138.0,138,432.676213
-140.0,140,432.706943
-140.0,140,432.736605
-150.0,150,432.768524
-138.0,138,432.798092
-140.0,140,432.855419
-200.0,200,432.901573
-200.0,200,433.69636
-144.0,144,433.726349
-153.0,153,433.759836
-140.0,140,433.78912
-141.0,141,433.819575
-145.0,145,433.849422
-142.0,142,434.628865
-200.0,200,434.670896
-200.0,200,434.712191
-200.0,200,434.7575
-139.0,139,434.786478
-196.0,196,434.827832
-142.0,142,435.607102
-200.0,200,435.649427
-200.0,200,435.691575
-145.0,145,435.722489
-200.0,200,435.765118
-200.0,200,436.555105
-200.0,200,436.598029
-200.0,200,436.641448
-142.0,142,436.670241
-141.0,141,436.700961
-138.0,138,436.730748
-142.0,142,437.560917
-200.0,200,437.612135
-200.0,200,437.667923
-200.0,200,437.718845
-200.0,200,437.770277
-200.0,200,438.846312
-144.0,144,438.891451
-150.0,150,438.937456
-141.0,141,438.980003
-151.0,151,439.017715
-146.0,146,439.054738
-147.0,147,439.093485
-140.0,140,440.092222
-142.0,142,440.128198
-193.0,193,440.186702
-152.0,152,440.226484
-141.0,141,440.261266
-152.0,152,440.298358
-139.0,139,440.328037
-200.0,200,441.182609
-200.0,200,441.227241
-200.0,200,441.270728
-200.0,200,441.314274
-200.0,200,441.356662
-200.0,200,442.185079
-200.0,200,442.229198
-200.0,200,442.270798
-200.0,200,442.312883
-200.0,200,442.356439
-200.0,200,443.178709
-200.0,200,443.222909
-200.0,200,443.266162
-200.0,200,443.314172
-200.0,200,443.358487
-200.0,200,444.164178
-200.0,200,444.214038
-200.0,200,444.264562
-200.0,200,444.310259
-200.0,200,444.353403
-200.0,200,445.176097
-136.0,136,445.205398
-200.0,200,445.2477
-186.0,186,445.287227
-192.0,192,445.325614
-200.0,200,446.129322
-191.0,191,446.17473
-191.0,191,446.21394
-162.0,162,446.248102
-135.0,135,446.276633
-192.0,192,446.319471
-141.0,141,447.097937
-200.0,200,447.13945
-200.0,200,447.187482
-166.0,166,447.226255
-200.0,200,447.268766
-200.0,200,448.031341
-200.0,200,448.073918
-200.0,200,448.114795
-200.0,200,448.15404
-200.0,200,448.202328
-200.0,200,448.964401
-200.0,200,449.007374
-200.0,200,449.05254
-200.0,200,449.096112
-200.0,200,449.140523
-200.0,200,450.014104
-200.0,200,450.060928
-200.0,200,450.10789
-200.0,200,450.156356
-144.0,144,450.191325
-200.0,200,451.040222
-196.0,196,451.085145
-200.0,200,451.129861
-192.0,192,451.172804
-190.0,190,451.216635
-182.0,182,451.27698
-200.0,200,452.087407
-140.0,140,452.118737
-200.0,200,452.162377
-200.0,200,452.205477
-200.0,200,452.249626
-200.0,200,453.052019
-200.0,200,453.095785
-200.0,200,453.137969
-200.0,200,453.180942
-200.0,200,453.226498
-200.0,200,454.124709
-200.0,200,454.1702
-137.0,137,454.202332
-200.0,200,454.247113
-200.0,200,454.293848
-200.0,200,455.234223
-191.0,191,455.277024
-200.0,200,455.319957
-138.0,138,455.350268
-192.0,192,455.391363
-139.0,139,455.421227
-142.0,142,456.227866
-200.0,200,456.271709
-200.0,200,456.315408
-200.0,200,456.359708
-200.0,200,456.403186
-200.0,200,457.216115
-200.0,200,457.264085
-200.0,200,457.309011
-200.0,200,457.354589
-200.0,200,457.400581
-200.0,200,458.226694
-200.0,200,458.270404
-200.0,200,458.314729
-200.0,200,458.356618
-200.0,200,458.399429
-200.0,200,459.286948
-149.0,149,459.32457
-200.0,200,459.372478
-156.0,156,459.40881
-200.0,200,459.455173
-200.0,200,459.502742
-200.0,200,460.436661
-200.0,200,460.486654
-200.0,200,460.54478
-200.0,200,460.632464
-200.0,200,460.690044
-200.0,200,462.093302
-139.0,139,462.145653
-195.0,195,462.217756
-140.0,140,462.261271
-188.0,188,462.327109
-191.0,191,462.376556
-200.0,200,463.226602
-196.0,196,463.26962
-191.0,191,463.310658
-191.0,191,463.359967
-139.0,139,463.391268
-200.0,200,464.218663
-200.0,200,464.262075
-200.0,200,464.308295
-200.0,200,464.352066
-200.0,200,464.395469
-200.0,200,465.206407
-144.0,144,465.237479
-193.0,193,465.27953
-141.0,141,465.309556
-142.0,142,465.340015
-192.0,192,465.381489
-137.0,137,466.199738
-193.0,193,466.243756
-200.0,200,466.288358
-200.0,200,466.332796
-200.0,200,466.377866
-200.0,200,467.182172
-143.0,143,467.215902
-200.0,200,467.259645
-200.0,200,467.304271
-139.0,139,467.334871
-200.0,200,467.378313
-200.0,200,468.193644
-200.0,200,468.237877
-141.0,141,468.268373
-142.0,142,468.299372
-200.0,200,468.342485
-200.0,200,469.154564
-200.0,200,469.198411
-200.0,200,469.243927
-200.0,200,469.290508
-200.0,200,469.333753
-200.0,200,470.140585
-140.0,140,470.171892
-140.0,140,470.203288
-146.0,146,470.235076
-200.0,200,470.278606
-143.0,143,470.309856
-141.0,141,470.339674
-200.0,200,471.14785
-200.0,200,471.19063
-200.0,200,471.232417
-200.0,200,471.274347
-200.0,200,471.318675
-200.0,200,472.124716
-139.0,139,472.155656
-200.0,200,472.200823
-200.0,200,472.243638
-200.0,200,472.286035
-141.0,141,473.040909
-138.0,138,473.068524
-138.0,138,473.096017
-138.0,138,473.123546
-193.0,193,473.162764
-196.0,196,473.202616
-137.0,137,473.236341
-137.0,137,473.982905
-143.0,143,474.021296
-200.0,200,474.065244
-141.0,141,474.098005
-200.0,200,474.146039
-142.0,142,474.178164
-138.0,138,474.912693
-200.0,200,474.954093
-200.0,200,474.994725
-200.0,200,475.034131
-200.0,200,475.072805
-200.0,200,475.82317
-195.0,195,475.862994
-143.0,143,475.89264
-200.0,200,475.932763
-142.0,142,475.9624
-200.0,200,476.002458
-200.0,200,476.751375
-137.0,137,476.778237
-139.0,139,476.806551
-143.0,143,476.834979
-192.0,192,476.875912
-140.0,140,476.903521
-196.0,196,477.645219
-198.0,198,477.686576
-137.0,137,477.716148
-143.0,143,477.750347
-141.0,141,477.779821
-200.0,200,477.819846
-198.0,198,478.590197
-200.0,200,478.630229
-139.0,139,478.657926
-138.0,138,478.685059
-200.0,200,478.726312
-141.0,141,478.759801
-200.0,200,479.526915
-143.0,143,479.554501
-200.0,200,479.59427
-200.0,200,479.633127
-200.0,200,479.673148
-200.0,200,480.41914
-200.0,200,480.459235
-200.0,200,480.500229
-140.0,140,480.528381
-200.0,200,480.569263
-200.0,200,480.609464
-141.0,141,481.342791
-138.0,138,481.371634
-143.0,143,481.400812
-141.0,141,481.429018
-142.0,142,481.456449
-200.0,200,481.494941
-190.0,190,482.247969
-147.0,147,482.281372
-200.0,200,482.321691
-193.0,193,482.361348
-138.0,138,482.389307
-200.0,200,482.428846
-198.0,198,483.182418
-139.0,139,483.210576
-141.0,141,483.238689
-143.0,143,483.268663
-200.0,200,483.330648
-200.0,200,483.386453
-197.0,197,484.145551
-200.0,200,484.189994
-191.0,191,484.23288
-200.0,200,484.274883
-143.0,143,484.306103
-200.0,200,485.130329
-139.0,139,485.157782
-200.0,200,485.200923
-140.0,140,485.228779
-139.0,139,485.256962
-200.0,200,485.298682
-142.0,142,486.036439
-200.0,200,486.07569
-137.0,137,486.102966
-137.0,137,486.130762
-200.0,200,486.172242
-200.0,200,486.21543
-200.0,200,487.002009
-143.0,143,487.03332
-200.0,200,487.073614
-147.0,147,487.103118
-200.0,200,487.14366
-200.0,200,488.177477
-141.0,141,488.209014
-138.0,138,488.242473
-144.0,144,488.279709
-143.0,143,488.315869
-196.0,196,488.363777
-200.0,200,489.157637
-140.0,140,489.18615
-200.0,200,489.22632
-140.0,140,489.253831
-193.0,193,489.292804
-141.0,141,489.322509
-137.0,137,489.350969
-193.0,193,490.190245
-200.0,200,490.232308
-142.0,142,490.264246
-200.0,200,490.306961
-200.0,200,490.350349
-200.0,200,491.197543
-200.0,200,491.241215
-142.0,142,491.273448
-200.0,200,491.320305
-141.0,141,491.355697
-139.0,139,491.389058
-144.0,144,492.222946
-200.0,200,492.265426
-200.0,200,492.309435
-200.0,200,492.360018
-200.0,200,492.407448
-200.0,200,493.331776
-194.0,194,493.377706
-200.0,200,493.428746
-139.0,139,493.46305
-200.0,200,493.508098
-141.0,141,493.538257
-200.0,200,494.367227
-200.0,200,494.413183
-200.0,200,494.454425
-140.0,140,494.483643
-195.0,195,494.525272
-200.0,200,495.334537
-200.0,200,495.376541
-200.0,200,495.418225
-200.0,200,495.460472
-200.0,200,495.501163
-200.0,200,496.276523
-139.0,139,496.30622
-200.0,200,496.350537
-200.0,200,496.397184
-200.0,200,496.440667
-191.0,191,497.214953
-200.0,200,497.258228
-200.0,200,497.299987
-200.0,200,497.341319
-138.0,138,497.370049
-200.0,200,497.413175
-137.0,137,498.148915
-200.0,200,498.189751
-200.0,200,498.230185
-142.0,142,498.257806
-139.0,139,498.285172
-200.0,200,498.324888
-138.0,138,499.068793
-200.0,200,499.109128
-158.0,158,499.142017
-137.0,137,499.171255
-139.0,139,499.205506
-200.0,200,499.257486
-140.0,140,500.08343
-138.0,138,500.112916
-200.0,200,500.155468
-200.0,200,500.197957
-200.0,200,500.241057
-139.0,139,500.27138
-200.0,200,501.096998
-200.0,200,501.13882
-194.0,194,501.181953
-140.0,140,501.213077
-200.0,200,501.256954
-199.0,199,502.107475
-198.0,198,502.154138
-200.0,200,502.200628
-200.0,200,502.246582
-137.0,137,502.280589
-200.0,200,503.182359
-137.0,137,503.235476
-139.0,139,503.267898
-200.0,200,503.315359
-141.0,141,503.348046
-200.0,200,503.394149
-200.0,200,504.225796
-200.0,200,504.270814
-200.0,200,504.313983
-200.0,200,504.35713
-200.0,200,504.400539
-200.0,200,505.244104
-200.0,200,505.291567
-200.0,200,505.338349
-200.0,200,505.38377
-200.0,200,505.431383
-200.0,200,506.249254
-200.0,200,506.293842
-200.0,200,506.337253
-200.0,200,506.379963
-200.0,200,506.423874
-200.0,200,507.215965
-200.0,200,507.279538
-200.0,200,507.324165
-200.0,200,507.367183
-200.0,200,507.410227
-200.0,200,508.20703
-200.0,200,508.249463
-200.0,200,508.293197
-200.0,200,508.335511
-200.0,200,508.378806
-200.0,200,509.238716
-200.0,200,509.288832
-200.0,200,509.335125
-200.0,200,509.380748
-200.0,200,509.426763
-200.0,200,510.264935
-137.0,137,510.294408
-140.0,140,510.324656
-195.0,195,510.367081
-139.0,139,510.397573
-145.0,145,510.428756
-200.0,200,510.473134
-141.0,141,511.301023
-195.0,195,511.345986
-200.0,200,511.39146
-139.0,139,511.424292
-143.0,143,511.456545
-200.0,200,512.312812
-140.0,140,512.347014
-200.0,200,512.396115
-200.0,200,512.444433
-200.0,200,512.4939
-200.0,200,512.542302
-200.0,200,513.416409
-200.0,200,513.460652
-200.0,200,513.504186
-200.0,200,513.549281
-200.0,200,513.594607
-200.0,200,514.416795
-200.0,200,514.461896
-200.0,200,514.507245
-200.0,200,514.550598
-200.0,200,514.593708
-200.0,200,515.402683
-200.0,200,515.445222
-200.0,200,515.488322
-200.0,200,515.532438
-200.0,200,515.576034
-200.0,200,516.377119
-200.0,200,516.421162
-144.0,144,516.452829
-200.0,200,516.496773
-200.0,200,516.541413
-200.0,200,517.337115
-194.0,194,517.379182
-200.0,200,517.422876
-200.0,200,517.465122
-143.0,143,517.49724
-200.0,200,518.301718
-200.0,200,518.347563
-200.0,200,518.391321
-200.0,200,518.435499
-200.0,200,518.47954
-200.0,200,519.28803
-200.0,200,519.331321
-200.0,200,519.375207
-200.0,200,519.417943
-142.0,142,519.448741
-200.0,200,519.491308
-200.0,200,520.292485
-200.0,200,520.335911
-200.0,200,520.378613
-197.0,197,520.42102
-200.0,200,520.46315
-137.0,137,521.276088
-200.0,200,521.321567
-138.0,138,521.351268
-200.0,200,521.393959
-142.0,142,521.425041
-200.0,200,521.468206
-141.0,141,522.227763
-200.0,200,522.268057
-200.0,200,522.3072
-200.0,200,522.34657
-200.0,200,522.389457
-140.0,140,523.131958
-200.0,200,523.173851
-200.0,200,523.218239
-200.0,200,523.261198
-200.0,200,523.303617
-200.0,200,524.06247
-139.0,139,524.091296
-144.0,144,524.120333
-200.0,200,524.163041
-200.0,200,524.205379
-198.0,198,524.246578
-200.0,200,525.025776
-139.0,139,525.060942
-200.0,200,525.109527
-191.0,191,525.149739
-139.0,139,525.179548
-200.0,200,525.978499
-200.0,200,526.020211
-200.0,200,526.063025
-200.0,200,526.103547
-200.0,200,526.14692
-141.0,141,526.176204
-145.0,145,526.969925
-194.0,194,527.00798
-141.0,141,527.036609
-200.0,200,527.080088
-200.0,200,527.12062
-200.0,200,527.887105
-140.0,140,527.918217
-193.0,193,527.963326
-140.0,140,527.997115
-200.0,200,528.041201
-200.0,200,528.085588
-200.0,200,528.904633
-200.0,200,528.947447
-162.0,162,528.98435
-200.0,200,529.031531
-200.0,200,529.077024
-200.0,200,529.882331
-149.0,149,529.91499
-140.0,140,529.94623
-139.0,139,529.980399
-141.0,141,530.012361
-136.0,136,530.043097
-145.0,145,530.074473
-138.0,138,530.862454
-200.0,200,530.908681
-143.0,143,530.93991
-190.0,190,530.980825
-147.0,147,531.012824
-200.0,200,531.05512
-200.0,200,531.882641
-200.0,200,531.926481
-200.0,200,531.971552
-200.0,200,532.013692
-200.0,200,532.058003
-200.0,200,532.883794
-193.0,193,532.929995
-200.0,200,532.974866
-200.0,200,533.020614
-140.0,140,533.05258
-200.0,200,533.872834
-200.0,200,533.91918
-189.0,189,533.962124
-140.0,140,533.992682
-142.0,142,534.021809
-200.0,200,534.063469
-200.0,200,534.814106
-188.0,188,534.857991
-142.0,142,534.895261
-200.0,200,534.936865
-185.0,185,534.975764
-192.0,192,535.721955
-200.0,200,535.762549
-200.0,200,535.808187
-200.0,200,535.852905
-149.0,149,535.884259
-192.0,192,535.925369
-194.0,194,536.716706
-135.0,135,536.752352
-200.0,200,536.802534
-200.0,200,536.851812
-145.0,145,536.891026
-190.0,190,537.711596
-145.0,145,537.742252
-190.0,190,537.78324
-194.0,194,537.822758
-142.0,142,537.851913
-146.0,146,537.884328
-200.0,200,538.680088
-139.0,139,538.709118
-200.0,200,538.749838
-200.0,200,538.790618
-193.0,193,538.831747
-138.0,138,538.858995
-200.0,200,539.635186
-200.0,200,539.681609
-200.0,200,539.728084
-200.0,200,539.80857
-141.0,141,539.851015
-200.0,200,540.68184
-200.0,200,540.724624
-152.0,152,540.758912
-137.0,137,540.792074
-191.0,191,540.84086
-200.0,200,540.891373
-200.0,200,541.868894
-200.0,200,541.914519
-200.0,200,541.96215
-200.0,200,542.00827
-200.0,200,542.054223
-190.0,190,542.934234
-200.0,200,542.983245
-200.0,200,543.030084
-200.0,200,543.078158
-196.0,196,543.124893
